foodId;Title;Category;Ingredients;Total_Ingredients;Steps;Total_Steps;Loves
2;chilli tuna puff kilat super yummy;ikan;"[
    (""pack kulit puff instant merkedo"", ""secukupnya""),
    (""isian"", ""secukupnya""),
    (""kaleng tuna in oil pedas merk kingfisher"", ""secukupnya""),
    (""bawang putih digoreng ambil minyaknya"", ""secukupnya""),
    (""boncabe chili flakes"", ""2-3 buah""),
    (""garam"", ""1/2 sdt""),
    (""lada"", ""1/2 sdt""),
    (""gula"", ""1/2 sdt""),
    (""telur rebus potong"", ""1-2 butir"")
]";9;"1) Langkah 
1.Tumis chili tuna chunk dengan minyak bawang disusul jagung pipil,lalu masukkan gula+garam+merica/lada hitam sesuai selera.
2.Terakhir,taburi Chili Flakes/Boncabe dan Parsley cincang,aduk rata,sisihkan
3.Potong puff seperti di foto step2,isi dengan telur rebus+tuna,lalu lipat,pipihkan samping2nya menggunakan ujung garpu supaya tidak bocor
4.Oles kuning telur,semprot saus+parsley
2) Panggang dengan suhu kurleb 200 derajat sampai keemasan dan kokoh sekitar 18 menit atau sesuaikan oven sendiri
Enjoyyy";3;516
3;perkedel tahu simple;tahu;"[
    (""tahu petak"", ""100-150 gr""),
    (""batang daun seledri"", ""1 batang""),
    (""bawang putih"", ""2-3 siung""),
    (""bawang merah"", ""2-3 siung""),
    (""merica"", ""1/2 sdt""),
    (""garam"", ""1/2 sdt""),
    (""masako"", ""secukupnya""),
    (""terigu"", ""secukupnya"")
]";8;"1) Giling halus bawang merah+bawang putih+ merica+garam.
2) Hancurkan tahu, tambahkan bumbu halus, daun seledri, aduk merata. Lalu masukkan terigu sedikit2. Koreksi rasa bl krg asin blh tmbhkan masako/ garam halus. Aduk hingga merata.
3) Bentuk adonan perkedel hingga adonan habis.
4) Goreng perkedel dlm minyak panas, jgn lupa dibalik. Angkat dan tiriskan.
5) Perkedel tahu udh jd, makin enk dicocol dg saus sambal";5;481
9;telur crispy;telur;"[
    (""telur kocok lepas"", ""1 butir""),
    (""tepung bumbu"", ""3 sdm""),
    (""telur kocok celupan"", ""1 butir""),
    (""tepung maizena"", ""2 sdm""),
    (""minyak goreng"", ""secukupnya"")
]";5;"1) Dadar telur tipis2 lalu potong2 persegi panjang
2) Campur tepung bumbu dgn maizena,lalu aduk rata
3) Celup telur ke dlm telur kocok lalu gulingkan ke tepung kering sambil di remas2 pelan,lalu goreng dlm minyak panas hingga kuning keemasan,angkat dan sajikan";3;301
19;ayam goreng kecap;ayam;"[
    (""ayam"", ""250 gr""),
    (""bawang bombai"", ""1 buah""),
    (""jahe"", ""1 ruas""),
    (""cabe merah"", ""2 buah""),
    (""bawang putih"", ""3 siung""),
    (""batang daun bawang"", ""1 batang""),
    (""gula"", ""1/2 sdt""),
    (""merica"", ""1/2 sdt""),
    (""garam"", ""1/2 sdt""),
    (""air"", ""100 ml""),
    (""minyak"", ""secukupnya"")
]";10;"1) Lumuri ayam dg air jeruknipus dan garam, remas2, bilas bersih. Ungkep ayam dg garam dan merica. Boleh jg lgs goreng tp potong agak kecil.
2) Setelah diungkep, goreng ayam hngga sedikit kecokelatan, angkat.
3) Panaskan secukupnya minyak, tumis bawang putih dan jahe, masukkan bawang bombay, tumis hingga harum. Masukkan cabe merah iris, ayam goreng, bubuhi gula garam, merica dan kecap, tuangair. Masak hingga kuah mengental, sesaat sblm diangkat, masukkan daun bawang.
4) Angkat ayam dan sajikan";4;218
22;pindang tongkol suwir sambal matah;ikan;"[
    (""pindang tongkol"", ""200 gr""),
    (""daun jeruk"", ""2 lembar""),
    (""serai"", ""1 batang""),
    (""bawang merah"", ""5 siung""),
    (""cabe"", ""3 buah""),
    (""garam"", ""secukupnya""),
    (""minyak kelapa"", ""secukupnya""),
    (""jeruk limau"", ""1 buah"")
]";8;"1) Suwir kasar pindang tongkol lalu goreng dgn sedikit minyak di atas teflon, aduk terus sampai agak mengering
2) Campur bawang, cabe, sereh, daun jeruk, garam dan minyak kelapa lalu remas"" kemudian campur dgn ikan suwirnya, lalu kucuri dgn jeruk limau, aduk rata
3) Sajikan";3;197
26;telur ceplok masak tauco;telur;"[
    (""telur ceplok"", ""2 butir""),
    (""cabe hijau serong"", ""2 buah""),
    (""bawang merah tipis"", ""2 siung""),
    (""bawang putih tipis"", ""1 siung""),
    (""cabe merah serong"", ""2 buah""),
    (""tomat potong"", ""1 buah""),
    (""tauco"", ""1 sdm""),
    (""kecap manis"", ""1 sdm""),
    (""kecap asin"", ""1/2 sdm""),
    (""gula"", ""1/2 sdt""),
    (""air"", ""50 ml"")
]";10;"1) Tumis bawang duo bawang dan cabe2an hingga harum,masukan tomat,aduk rata,masukan tauco,kecap manis,kecap asin dan gula,aduk rata
2) Tuangi air secukupnya,tgu mendidih lalu masukan telur ceplok,masak hingga bumbu meresap,jgn lupa tes rasanya,jika rasa sdh pas angkat dan sajikan";2;192
38;ayam kecap manis cabai;ayam;"[
    (""ayam"", ""250 gr""),
    (""bawang putih"", ""3 siung""),
    (""cabe merah"", ""2 buah""),
    (""merica bubuk"", ""1/2 sdt""),
    (""kecap manis"", ""2 sdm""),
    (""air"", ""100 ml""),
    (""garam"", ""secukupnya""),
    (""minyak sayur"", ""secukupnya""),
    (""daun bawang"", ""1 batang"")
]";9;"1) Tumis bw putih, cabe dan merica bubuk hingga layu dan baput agak kecokelatan
2) Masukkan ayamnya, aduk hingga berubah warna
3) Beri kecap manis lalu tuang air, bubuhi garam secukupnya, aduk rata lalu tutup wajan hingga airnya sat dan bumbu meresap
4) Sajikan lalu taburi dgn daun bawang";4;164
47;cah timun telur;telur;"[
    (""timun jepang"", ""1 buah""),
    (""telur"", ""1 butir""),
    (""bawang putih"", ""2 siung""),
    (""jahe"", ""1 ruas""),
    (""saos tiram"", ""1 sdm""),
    (""air"", ""100 ml""),
    (""garam"", ""1/4 sdt""),
    (""gula"", ""1/4 sdt""),
    (""olive oil"", ""1 sdm"")
]";9;"1) Telurnya dibuat orak-arik
2) Tumis bawang putih dan jahe dgn sedikit minyak sampai wangi dan kecokelatan
3) Masukkan air biarkan mendidih lalu masukkan timun, telur orak-arik, beri sisa bumbu, aduk rata. Masak sebentar saja, angkat sajikan";3;147
49;tofu beef bowl gyudon super healthy;sapi;"[
    (""bawang bombai"", ""1/2 buah""),
    (""daging sapi tipis"", ""100 gr""),
    (""tahu"", ""1 kotak""),
    (""kecap asin jepang kikkoman shoyu"", ""1 sdm""),
    (""kaldu jamur daging sapi"", ""1/2 sdt""),
    (""jus apel"", ""1 sdm"")
]";6;"1) Masukkan irisan bawang bombai ke fried pan, nyalakan api dan tumis sekitar 3 menit
2) Masukkan daging ditengah2 fried pan
3) Masukkan tahu di pinggir fried pan. Kemudian masukkan seluruh bumbu masak ke tengah2 daging
4) Tutup fried pan dan panaskan dengan api sedang selama 5 menit
5) Buka fried pan, aduk daging hingga merata, sambil terus memanaskan dengan api kecil-sedang selama 5 menit. Angkat dan sajikan";5;145
57;cheese egg toast;telur;"[
    (""roti tawar"", ""2 lembar""),
    (""telur"", ""1 butir""),
    (""sosis"", ""1 buah""),
    (""tomat"", ""1/2 buah""),
    (""merica"", ""1/4 sdt""),
    (""garam"", ""1/4 sdt""),
    (""keju mozzarella/cheddar"", ""2 sdm""),
    (""batang daun bawang"", ""1/2 batang""),
    (""boncabe"", ""secukupnya""),
    (""bawang bombai"", ""1/4 buah""),
    (""minyak goreng"", ""secukupnya"")
]";10;"1) Kocok lepas telur, garam, merica bon cabe. Masukkan daun bawang, keju,tomat, sosis, bawang bombay, sisihkan.
2) Panaskan pan anti lengket, beri sedikit minyak. Ambil selembar roti, celup ke kocokan telur (jgn kelamaan biar gk hancur). Masak hingga dua sisinya matang. Angkat. Lakukan hingga habis.
3) Sajikan hangat dg mayones n sambal.";3;139
60;sate kambing tusuk;kambing;"[
    (""daging kambing"", ""200 gr""),
    (""bawang putih"", ""3 siung""),
    (""kecap manis"", ""2 sdm""),
    (""gula"", ""1/2 sdt""),
    (""garam"", ""1/2 sdt""),
    (""bawang merah"", ""3 siung""),
    (""cabai rawit"", ""3 buah""),
    (""penyedap"", ""opsional"")
]";9;"1) Note : klo mau lbh empuk bgt blh di kasi nanas parut skitar 10 - 15 mnitan dlu... Dagingx jngn di cuci biar g amis
2) Iris daging melawan serat.. Beri bumbu marinasi aduk rata simpan di ciller 30 mnitan..
3) Lalu kluarkan bakar deh... Pakai arang lbh enak
4) Goreng bawang merah + putih + cabai.. Bntr aja.. Haluskan.. Tumis dg 1 - 2 sdm minyak.. Masukan daging skalian.. Aduk"" kasi air agak banyak kasi gula garam + kecap.. Blh tmbh penyedap... Kecilkan api ungkep hingga meresap";4;134
68;makaroni telor;telur;"[
    (""makaroni elbow"", ""100 gr""),
    (""telur"", ""1 butir""),
    (""garam"", ""1/4 sdt""),
    (""kaldu bubuk"", ""1/4 sdt""),
    (""merica"", ""1/4 sdt""),
    (""bumbu tabur balado"", ""1/2 sdt""),
    (""cabe bubuk"", ""1/2 sdt"")
]";4;"1) Didihkan air lalu beri garam dan sedikit minyak, rebus makaroni hingga empuk, tiriskan
2) Kocok telur dgn diberi kaldu bubuk dan merica
3) Panaskan sedikit minyak goreng lalu masukan makaroni, tumis sebentar kemudian masukan kocokan telur, aduk2 hingga matang, matikan kompor
4) Beri bumbu tabur dan cabe bubuk sesuai selera
5) Sajikan hangat";5;129
73;pindang telur;telur;"[
    (""telur ayam rebus"", ""2 butir""),
    (""teh celup sariwangi"", ""1 kantong""),
    (""gula merah sisir"", ""1 sdm""),
    (""gula pasir"", ""1 sdm""),
    (""kecap manis"", ""1 sdm""),
    (""serai geprek"", ""1 batang""),
    (""daun salam"", ""1 lembar""),
    (""garam"", ""1/2 sdt""),
    (""kaldu"", ""1/2 sdt""),
    (""air"", ""300 ml"")
]";9;"1) Campur semua bahan..dan bumbu taruh si wadah.. aning pake wajan.... rebus hingga air habis atau tinggal sedikit dan bumbu meresap
2) Sajikan";3;124
79;dadar tahu telur;telur;"[
    (""tahu putih"", ""1 kotak""),
    (""telur"", ""1 butir""),
    (""cabe merah giling"", ""1 sdm""),
    (""batang daun bawang"", ""1 batang""),
    (""garam"", ""1/4 sdt""),
    (""kaldu jamur"", ""1/4 sdt"")
]";5;"1) Hancurkan tahu dg garpu. Campur telur dg semua bahan. Panaskan pan, beri secukupnya minyak, tuang adonan, goreng hingga satu sisi mulai mengeras n kecokelatan. Balik, goreng hingga matang. Sajikan.
2) Note: kalo gk asa cabe merah giling bisa diganti dg irisan cabe merah/ rawit.";2;120
81;tempe goreng telur;tempe;"[
    (""papan tempe"", ""1 buah""),
    (""telur"", ""1 butir""),
    (""tepung terigu"", ""3 sdm""),
    (""bawang putih ulek halus"", ""2 siung""),
    (""merica kaldu bubuk"", ""1/2 sdt"")
]";5;"1) Kukus tempe kemudian potong2 memanjang seperti stik
2) Kocok telur, terigu dan bumbu2, biarkan tetap ada gerindilnya
3) Masukan tempe ke telur kemudian goreng dgn api sedang hingga kuning keemasan
4) Angkat dan tiriskan
5) Sajikan hangat dgn saus sambal";5;119
84;telur acak mixed sayuran;telur;"[
    (""telur"", ""2 butir""),
    (""mixed sayuran beku (wortel, jagung, buncis)"", ""100 gr""),
    (""bawang putih cincang halus"", ""2 siung""),
    (""bawang merah"", ""2 siung""),
    (""garam"", ""1/2 sdt""),
    (""gula putih"", ""1/4 sdt""),
    (""merica bubuk"", ""1/4 sdt""),
    (""batang daun bawang"", ""1 batang"")
]";6;1) Tumis bawang putih dan bawang merah, tumis hingga bumbu harum. Masukan campuran sayuran beku, garam, gula, merica bubuk, tambahkan sedikit air, masak hingga airnya surut dan sayuran matang. Masukan daun bawang dan telur, lalu langsung di acak-acak bersamaan sayurannya, masak sampai telur matang seperti telur orak arik. Angkat dan sajikan.;1;118
94;telur krispi;telur;"[
    (""telur dadar"", ""1 lembar""),
    (""telur"", ""1 butir""),
    (""garam"", ""1/4 sdt""),
    (""merica bubuk"", ""1/4 sdt""),
    (""kaldu jamur"", ""1/4 sdt""),
    (""telur pencelup"", ""1 butir""),
    (""kecap asin"", ""1 sdt""),
    (""tepung bumbu krispi (me Kobe)"", ""3 sdm"")
]";7;"1) Buat telur dadar tipis aja, aq jadi 2 lembar. Potong"" telur dadar sesuai selera. Celup k dlm telur kocoktepungtelur kocoktepung, lalu goreng dengan minyak panas api kecil yaa...
2) Sajikan dengan saus sambal dan mayones jk sukaa... bisa buwat lauk sarapan ato cemilan...";2;114
99;tahu telur asin;tahu;"[
    (""tahu putih"", ""1 kotak""),
    (""telur asin"", ""1 butir""),
    (""tepung bumbu Kobe"", ""3 sdm""),
    (""air"", ""50 ml""),
    (""bawang putih cincang"", ""2 siung""),
    (""cabe keriting merah"", ""2 buah"")
]";6;"1) Potong tahu jadi 4 bagian, sisihkan
2) Panaskan penggorengan lalu siapkan tepung bumbu kemudian balurkan tahu ke tepung lalu goreng.Jangan dibolak balik, tunggu sampai warna kecoklatan, balik sekali lalu angkat jika kedua sisi sdh matang
3) Utk saos: ambil bagian kuning telur asin kemudian hancurkan dan beri air
4) Tumis cincang bawang putih dan irisan cabe hingga harum masukkan kuning telur asin, tumis hingga matang dan mengental, matikan kompor.Masukan tahu yg telah digoreng, kemudian tata dipiring
5) Sajikan";5;112
102;seblak telor;telur;"[
    (""krupuk mentah"", ""1 genggam""),
    (""telur ayam"", ""1 butir""),
    (""batang daun bawang halus"", ""1 batang""),
    (""garam"", ""1/4 sdt""),
    (""gula pasir"", ""1/4 sdt""),
    (""air"", ""150 ml""),
    (""bawang merah"", ""2 siung""),
    (""bawang putih"", ""2 siung""),
    (""cabe rawit"", ""3 buah""),
    (""kencur"", ""1 ruas"")
]";10;"1) Rendam krupuk hingga lunak. Tiriskan..
2) Tumis bumbu halus hingga harum. Masukan krupuk. Aduk rata..
3) Tambahkan air. Tunggu hingga mendidih. Masukkan telur. Aduk rata hingga berbulir. Bumbui dengan garam dan gula pasir.
4) Tambahkan daun bawang. Masak hingga air menyusut..";4;110
103;cah toge telur dadar;telur;"[
    (""mangkuk taoge"", ""1 mangkuk""),
    (""telur"", ""1 butir""),
    (""batang daun bawang halus"", ""1 batang""),
    (""bawang putih cincang halus"", ""2 siung""),
    (""bawang merah halus"", ""2 siung""),
    (""cabe merah serong"", ""1 buah""),
    (""saus tiram"", ""1 sdm""),
    (""kecap manis"", ""1 sdm""),
    (""lada"", ""1/4 sdt""),
    (""gula"", ""1/2 sdt""),
    (""garam kaldu bubuk"", ""1/4 sdt"")
]";10;"1) Dadar telur dgn sedikit garam dan lada. Iris panjang2. Sisihkan
2) Panaskan sedikit minyak, tumis bawang merah+putih, cabe smp harum.
3) Masukkan toge, daun bawang dan telur. Masukkan kan juga bumbu2. Koreksi rasa.
4) Masak smp taoge layu aja biar masi crunchy..";4;110
111;tempe kemul;tempe;"[
    (""tempe"", ""1 papan, potong""),
    (""tepung mendoan"", ""3 sdm""),
    (""batang kucai"", ""1 batang""),
    (""daun bawang"", ""1 batang""),
    (""air es"", ""100 ml""),
    (""kunyit uleg"", ""sejumput"")
]";6;"1) Campur tepung mendoan dengan kunyit dan daun kucai. Aduk rata.
2) Celup tempe lalu goreng dalam minyak panas hingga matang.
3) Sajikan.
4) Enak di makan dengan Mie Ongklok. Resep Mie Ongkloknya sudah di upload ya.";4;107
114;telur dadar simpel;telur;"[
    (""telur"", ""1 butir""),
    (""lada"", ""1/4 sdt""),
    (""cabe rawit merah"", ""2 buah""),
    (""garam"", ""1/4 sdt""),
    (""kaldu bubuk"", ""1/4 sdt""),
    (""minyak sayur"", ""secukupnya"")
]";6;"1) Dadar telur di mangkok, tambahkan cabe rawit, garam & lada bubuk. Kocok hingga tercampur rata.
2) Panaskan wajan, dadar telur & goreng hingga kuning keemasan. SajikanðŸ¤—";2;106
122;kambing kecap;kambing;"[
    (""daging kambing"", ""1 piring, potong kotak""),
    (""bawang putih"", ""3 siung""),
    (""bawang merah"", ""3 siung""),
    (""jahe"", ""1 ruas""),
    (""cabe rawit"", ""3 buah""),
    (""kecap manis"", ""2 sdm""),
    (""kecap asin"", ""1 sdm""),
    (""garam"", ""1/2 sdt""),
    (""gula"", ""1/2 sdt""),
    (""air"", ""100 ml"")
]";6;"1) Tumis bawang putih, bawang merah, jahe, cabe rawit sampai harum dan layu
2) Masukkan daging kambing aduk sampai berubah warna
3) Tambahkan kecap manis, kecap asin, garam, gula dan air secukupnya
4) Ungkep sampai daging empuk. Cicipi
5) Sajikan dg ditaburi bawang goreng";5;102
132;tempe kering teri medan;tempe;"[
    (""papan tempe"", ""1 papan""),
    (""teri medan"", ""2 sdm""),
    (""daun jeruk"", ""2 lembar""),
    (""garam"", ""1/4 sdt""),
    (""gula merah"", ""1 sdm""),
    (""gula pasir"", ""1 sdt""),
    (""cabe merah"", ""3 buah""),
    (""bawang putih"", ""2 siung""),
    (""bawang merah"", ""3 siung"")
]";10;"1) Potong-potong tempe kecil memanjang, lalu goreng sampai kering
2) Goreng teri medan sampai matang dan kering. (Sebelumya teri medan saya cuci bersih biar ngk terlalu asin, lalu di jemur sampai kering, baru di goreng)
3) Tumis bumbu yang sudah di haluskan, tumis dengan minyak agak sedikit banyak. Tambahkan daun jeruk, gula merah, gula pasir dan garam, aduk rata, masak hingga matang dan bumbu mendidih agak kental. Matikan api lalu masukan tempe dan teri medan yg sudah di goreng tadi, aduk-aduk hingga tercampur rata. Angkat, dan sajikan.";3;96
133;telor balado pete;telur;"[
    (""telur ayam rebus"", ""2 butir""),
    (""papan pete"", ""1 papan""),
    (""serai"", ""1 batang, geprek""),
    (""daun jeruk"", ""2 lembar""),
    (""garam"", ""1/4 sdt""),
    (""kaldu jamur"", ""1/4 sdt""),
    (""air"", ""100 ml""),
    (""cabe merah keriting"", ""3 buah""),
    (""bawang merah"", ""3 siung""),
    (""bawang putih"", ""2 siung"")
]";10;"1) Panaskan minyak secukupnya, masukan bumbu halus+sereh+daun jeruk.Tumis sampai wangi. Beri air secukupnya, masukan garam+gula+kaldu jamur. Masukan pete. Masak sampai tidak bau langgu. Tes rasa.
2) Terakhir masukan telor rebus, aduk rata & masak sebentar. Voilaa.. Telor Balado Pete is ready! Uenakk!";2;96
135;bakso sapi;sapi;"[
    (""daging sapi"", ""250 gram""),
    (""tepung kanji"", ""3 sdm""),
    (""bawang merah goreng"", ""2 sdm""),
    (""bawang putih"", ""2 siung""),
    (""garam"", ""1/2 sdt""),
    (""merica bubuk"", ""1/4 sdt""),
    (""kaldu bubuk"", ""1/4 sdt""),
    (""putih telur"", ""1 butir""),
    (""batu es"", ""4 butir kecil"")
]";9;"1) Campur semua bahan dalam choper hingga halus.
2) Didihkan air,beri garam.
3) Ambil adonan bakso dengan bantuan tangan dan sendok,bentuk bulatan kecil.
4) Masukan dalam air mendidih hingga mengapung dan matang";4;96
138;tongkol jengkol balado;ikan;"[
    (""ikan tongkol"", ""200 gram, potong""),
    (""biji jengkol tua"", ""5 butir, belah""),
    (""jeruk nipis"", ""1 buah""),
    (""minyak goreng"", ""2 sdm""),
    (""garam"", ""1/2 sdt""),
    (""kaldu jamur"", ""1/4 sdt""),
    (""cabe merah keriting"", ""3 buah""),
    (""bawang putih"", ""2 siung""),
    (""bawang merah"", ""3 siung"")
]";9;"1) Cuci bersih ikan kemudian lumuri dengan air jeruk nipis&beri sedikit garam diamkan sebentar
2) Panaskan minyak goreng masukan jengkol masak hingga jengkol empuk,buang kulit nya&pipihkan sisihkan kemudian goreng ikan tongkol sampai matang angkat tiriskan
3) Bila minyak terlalu kotor ganti dengan yang baru&masukan bumbu halus tambahkan garam kemudian masak hingga bau langu cabe hilang tambahkan kaldu jamur tes rasa bila sudah pas campur rata tongkol&jengkol dengan bumbu balado salin ke wadah&sajikan";3;94
154;ayam geprek sambal korek;ayam;"[
    (""ayam"", ""250 gram, potong""),
    (""tepung bumbu instant"", ""3 sdm""),
    (""sambal geprek"", ""2 sdm""),
    (""bawang putih"", ""2 siung""),
    (""cabe rawit"", ""5 buah""),
    (""cabe merah"", ""2 buah""),
    (""jeruk kunci"", ""1 buah""),
    (""gula"", ""1/2 sdt""),
    (""garam"", ""1/2 sdt"")
]";8;"1) Bersihkan Ayam, lumuri dengan Tepung Bumbu hingga rata sambil diremas2. Tanpa menambah air, diamkan dalam kulkas min 1 jam. Goreng hingga matang, tiriskan.
2) Haluskan bumbu beri air jeruk kunci, koreksi rasa. Geprek Ayam goreng diatas sambal.
3) Huhaaahhh";3;89
163;tahu cabe garam;tahu;"[
    (""tahu putih"", ""1 kotak""),
    (""cabai rawit"", ""3 buah""),
    (""bawang putih"", ""2 siung""),
    (""tangkai daun bawang"", ""1 batang""),
    (""minyak"", ""2 sdm""),
    (""tepung tapioka"", ""2 sdm""),
    (""penyedap rasa"", ""1/4 sdt"")
]";7;"1) Pertama2 potong kotak kecil tahu
2) Lalu masukan tahu kedalam tepung tapioka yang sudah d tambahkan 1 sdm masako aduk2 sampai rata
3) Goreng hingga kecoklatan dan tiriskan
4) Siapkan 1 sdm minyak goreng masukan cabai yang sudah di iris dan bawang putih yg sudah di cop2 hingga harum.masukan tahu aduk rata tambahkan daun bawang yang sudah di iris tipis.dan wallaaaaa angkat makan pake nasi hangat";4;87
165;lele goreng;ikan;"[
    (""lele"", ""2 ekor""),
    (""cuka masak"", ""1 sdm""),
    (""tepung bumbu"", ""3 sdm""),
    (""air"", ""50 ml""),
    (""bawang putih"", ""2 siung""),
    (""kunyit"", ""1 ruas""),
    (""kemiri"", ""2 butir""),
    (""biji ketumbar"", ""1/2 sdt""),
    (""garam"", ""1/2 sdt"")
]";10;"1) Rendam lele dgn bumbu halus yg sdh diberi air dan cuka kurang lebih 15-30 menit
2) Sesaat sblm digoreng, taburi tepung bumbu lalu ratakan
3) Goreng dlm minyak banyak yg sdh panas dgn api sedang, goreng hingga kecoklatan
4) Angkat, sajikan";4;87
176;negi gyudon beef bowl toping daun bawang;sapi;"[
    (""daging sapi"", ""150 gram, iris tipis""),
    (""batang daun bawang"", ""1 batang""),
    (""kecap shoyu kikkoman"", ""2 sdm""),
    (""gula"", ""1/2 sdt""),
    (""air"", ""50 ml"")
]";5;"1) Potong daun bawang bagian batangnya sepanjang 2 cm
2) Susun daun bawang di fried pan kecil ditengah2, kemudian taruh daging sapi di sekitar daun bawang
3) Masukkan seluruh bumbu, tutup panci, nyalakan api kecil-sedang dan panaskan selama 5 menit
4) Matikan api, buka tutup panci, angkat dan sajikan";4;84
178;tumis tempe toge;tempe;"[
    (""papan tempe"", ""1 papan""),
    (""toge"", ""1 genggam""),
    (""bawang putih"", ""2 siung""),
    (""bawang merah"", ""3 siung""),
    (""cabe merah"", ""2 buah""),
    (""cabe rawit"", ""3 buah""),
    (""terasi"", ""1/4 sdt""),
    (""garam"", ""1/2 sdt""),
    (""gula"", ""1/2 sdt""),
    (""kaldu bubuk"", ""1/4 sdt""),
    (""minyak goreng"", ""2 sdm"")
]";10;"1) Panaskan minyak, goreng tempe 1/2 matang angkat sisihkan.
2) Gunakan sisa minyak utk menumis bumbu halus hingga wangi. Beri sedikit air, masukkan gula garam kaldu bubuk. Aduk rata.
3) Masukkan tempe. Aduk rata. Masak hingga air menyusut. Masukkan toge, aduk dan masak sebentar saja supaya toge tetap renyah. Angkat dan siap dihidangkan.";4;84
184;tumis sawi putih ati plus telur orak arik debm;telur;"[
    (""sawi putih"", ""100 gram""),
    (""ati ayam"", ""2 buah""),
    (""telur"", ""2 butir""),
    (""bawang merah"", ""3 siung""),
    (""bawang putih"", ""2 siung""),
    (""cabe rawit merah"", ""3 buah""),
    (""cabe merah"", ""2 buah""),
    (""penyedap"", ""1/4 sdt""),
    (""garam"", ""1/2 sdt"")
]";8;"1) Cuci bersih ati ayam lalu potong kecil2
2) Iris bawang merah, bawang putih, cabe rawit dan cabe merah lalu tumis hingga harum
3) Masukan ati ayam aduk2 sampai berubah warna, lalu masukan telur lalu orak arik
4) Masukan sawi putih lalu aduk,beri secukupnya penyedap, garam lalu aduk hingga bumbu merata dan meresap,
5) Angkat dan sajikan.";5;83
186;tahu crispy;tahu;"[
    (""tahu putih"", ""1 kotak""),
    (""bawang putih"", ""2 siung""),
    (""tepung tapioka"", ""3 sdm""),
    (""tepung instan sasa"", ""2 sdm""),
    (""kaldu ayam bubuk"", ""1/2 sdt""),
    (""garam"", ""1/2 sdt""),
    (""air"", ""50 ml"")
]";7;"1) Tahu dipotong dadu kecil2, cuci bersih dan tiriskan
2) Rendam tahu dengan bawang putih yg sudah dihaluskan dan beri sedikit air, tambahkan garam sejumput, diamkan -+15 sampai 20 menit (supaya bumbu meresap)
3) Dlm 1 wadah masukan tapioka, tepung instan dan kaldu ayam / sapi bubuk (selera) aduk merata
4) Panaskan minyak dlm wajan, dan ambil beberapa tahu lalu lumuri dengan adonan kering tepung campuran tadi, goreng dgn minyak panas namun api kecil, lakukan sampai habis, dan bisa disajikan dengan taburan bubuk cabai atau bubuk perasa lainnya. selesai";4;82
187;chicken terriyaki saos lada hitam;ayam;"[
    (""dada ayam fillet"", ""150 gram""),
    (""saos teriyaki saori"", ""1 sdm""),
    (""saos lada hitam saori"", ""1 sdm""),
    (""bawang putih"", ""2 siung""),
    (""bawang bombai"", ""1/2 buah""),
    (""cabe rawit"", ""2 buah""),
    (""kecap"", ""1 sdm"")
]";7;"1) Rendam ayam dengan saos teriyaki dan lada hitam 15menit
2) Tumis bawang putih dan bawang bombai sampai harum,masukkan irisan cabe
3) Masukkan dada ayam beserta soos rendaman,tambahkan kecap,aduk lalu beri air secukupnya
4) Masak hingga ayam matang dan air menyusut,angkat. Sajikan";4;82
195;dadar telor cah toge;telur;"[
    (""telur"", ""2 butir""),
    (""toge"", ""1 mangkuk""),
    (""bawang merah"", ""2 siung""),
    (""bawang putih"", ""2 siung""),
    (""cabe rawit"", ""3 buah""),
    (""batang daun bawang"", ""1 batang""),
    (""kecap manis"", ""1 sdm""),
    (""saus tiram"", ""1 sdm""),
    (""garam"", ""1/2 sdt""),
    (""merica bubuk"", ""1/4 sdt"")
]";9;"1) Buat dadar telor,lalu irisÂ².
2) Panaskan minyak,tumis duo bawang sampai layu & harum,tambahkan cabe,aduk,masukkan irisan telor,bumbui garam,merica bubuk,kecap & saus tiram,aduk rata.
3) Masukkan toge & daun bawang,masak sebentar saja agar toge masih kres. Jangan lupa koreksi rasanya yaa...
4) Angkat & sajikan selagi hangat. Simpel,cepat,dan tentu saja enaak...
5) Saya udah prnh setor resep ini ke mba Vy pas lagi booming";5;81
199;nasi goreng salmon;ikan;"[
    (""salmon fillet"", ""100 gram""),
    (""nasi"", ""1 porsi""),
    (""garam"", ""1/2 sdt""),
    (""kecap manis"", ""1 sdm""),
    (""lada"", ""1/4 sdt""),
    (""bawang putih"", ""1 siung""),
    (""bawang merah"", ""2 siung"")
]";7;"1) Tumis sebagian bawang putih dan sedikit garam dengan 2 sdm minyak sayur. Kemudian masukkan salmon fillet yang sudah dipotong dadu sampai matang. Kemudian sisihkan
2) Lalu masukkan kembali 2sdm minyak sayur lalu tumis sebagian lagi bawang putih, bawang merah, garam sampai wangi lalu masukkan kecap manis kemudian terakhir masukkan nasi dan beri lada sesuai selera. Ratakan
3) Kalau rasa uda enak. Masukkan ikan salmon, tumis kembali sampai menyatu. Lalu angkat
4) Nasi goreng salmon siap disantap";4;80
202;stick tempe goreng telur;tempe;"[
    (""tempe"", ""1 papan""),
    (""telur"", ""1 butir""),
    (""tepung terigu"", ""2 sdm""),
    (""bawang putih"", ""2 siung""),
    (""kaldu bubuk"", ""1/2 sdt""),
    (""merica"", ""1/4 sdt""),
    (""garam"", ""1/2 sdt"")
]";7;"1) Kukus tempe, kemudian potong-potong memanjang seperti stick.
2) Kocok telur, tepung terigu, merica, garam, kaldu bubuk ayam, bawang putih yang sudah di uleg. Asal saja, biarkan tetap ada gerindil-gerindilnya.
3) Masukkan tempe ke kocokan telur tadi kemudian goreng satu per satu dengan api sedang sampai kuning keemasan.
4) Angkat dan tiriskan. Stick Tempe Goreng Telur siap disantap.";4;80
205;tahu gejrot cirebon;tahu;"[
    (""tahu pong"", ""3 buah""),
    (""bawang merah"", ""2 siung""),
    (""bawang putih"", ""2 siung""),
    (""cabe hijau"", ""3 buah""),
    (""cabe rawit"", ""3 buah""),
    (""gula merah"", ""1 sdm""),
    (""garam"", ""1/2 sdt""),
    (""jeruk limau"", ""1 buah""),
    (""air"", ""100 ml"")
]";9;"1) Goreng tahu sebentar. Tiriskan.
2) Ulek mulai dari cabe rawit & cabe hijau kecil, setelah agak halus ulek kasar duo bawang. Lalu ulek gula merah. Bumbui dan beri sedikit air.
3) Siram kuah diatas tahu pong yang sudah dipotong jadi 4 bagian. Sajikan.";4;79
210;cah toge telur variasi paprika;telur;"[
    (""toge"", ""1 genggam""),
    (""telur"", ""1 butir""),
    (""paprika hijau"", ""1/4 buah""),
    (""wortel"", ""1/2 buah""),
    (""bawang putih"", ""2 siung""),
    (""kecap asin"", ""1 sdm""),
    (""saus tiram"", ""1 sdm""),
    (""garam"", ""1/2 sdt""),
    (""lada"", ""1/4 sdt""),
    (""minyak sayur"", ""1 sdm"")
]";9;"1) Iris paprika hijau, serut wortel dan geprek bawang putih lalu iris tipis. Aduk telur dalam wadah terpisah dan tambahan garam lada
2) Panaskan wajan dgn minyak sayur dgn api sedang. Masukkan bawang putih, tumis bentar kemudian masukkan telur. Setelah 30 detik Tumis kasar
3) Masukkan seluruh sayuran, tumis sekitar 3 menit dgn api besar
4) Masukkan kecap asin dan saus tiram, tumis lagi sekitar 2 menit.
5) Segera angkat dan sajikan";5;78
218;pindang telur teh celup;telur;"[
    (""telur"", ""2 butir""),
    (""teh celup"", ""1 kantong""),
    (""kecap manis"", ""1 sdm""),
    (""gula merah"", ""1 sdm""),
    (""gula pasir"", ""1 sdt""),
    (""serai"", ""1 batang, geprek""),
    (""daun salam"", ""2 lembar""),
    (""daun jeruk"", ""2 lembar""),
    (""air"", ""500 ml""),
    (""garam"", ""1/2 sdt""),
    (""kaldu bubuk"", ""1/2 sdt"")
]";10;"1) Masukan semua bahan ke dalam panci,lalu rebus sampe air menyusut.
2) Kemudian angkat lalu siap di hidangkan.
3) Rasanya enak...
4) Happy Cooking..";4;76
225;tahu rambutan bola crispy;tahu;"[
    (""tahu"", ""100 gram""),
    (""telur puyuh"", ""3 butir""),
    (""tepung terigu"", ""2 sdm""),
    (""mie"", ""1 keping""),
    (""telur ayam"", ""1 butir""),
    (""wortel"", ""1/2 buah""),
    (""daun bawang"", ""1 batang""),
    (""garam"", ""1/2 sdt""),
    (""lada"", ""1/4 sdt"")
]";9;"1) Campur tepung terigu, tahu, wortel, daun bawang dan penyedap (garam dan merica)
2) Lalu ambil bagian adonan, pipihkan dan masukkan telur puyuh pada bagian tengahnya.
3) Bentuk bulat, lalu beri telur dan lumuri dengan mie yang sudah diremas.
4) Masukkan selama 25-30menit dalam kulkas, setelah itu bola2 siap dimasak dalam api sedang. Selamat Mencoba!";4;75
229;perkedel tahu kari telur;tahu;"[
    (""tahu"", ""100 gram""),
    (""bumbu kari instant"", ""1 sdm""),
    (""tepung beras"", ""2 sdm""),
    (""tepung tapioka"", ""2 sdm""),
    (""batang daun bawang"", ""1 batang""),
    (""garam"", ""1/2 sdt"")
]";6;1) Campur semua bahan jadi satu. Koreksi rasanya. Cetak dgn bantuan 2 sendok lalu goreng pd minyak panas dgn api sedang sampai kuning kecoklatan. Angkat, tiriskan, sajikan....;1;75
240;kuah bakso sapi ala rumahan;sapi;"[
    (""bakso sapi"", ""5 butir""),
    (""batang daun bawang"", ""1 batang""),
    (""batang daun seledri"", ""1 batang""),
    (""bawang goreng"", ""1 sdm""),
    (""bawang putih"", ""2 siung""),
    (""merica bubuk"", ""1/4 sdt""),
    (""garam"", ""1/2 sdt""),
    (""kemiri"", ""2 butir""),
    (""mie"", ""1 papan"")
]";9;"1) Haluskan bawang putih, kemiri, garam dan lada
2) Tumis bumbu halus sampai wangi, lalu tiriskan
3) Masak air di dalam panci sampai mendidih, lalu masukkan bumbu halus, tambahkan garam gula dan merica bubuk lagi jika dirasa masih kurang pas
4) Masukkan bakso sapi siap makn ke dalam panci, daun bawang dan seledri, masak sebentar
5) Sajikan di mangkuk selagi hangat, ditambah dengan mie kuning rebus, bawang goreng dan sambal sebagai pelengkap";5;72
249;udang goreng mentega;udang;"[
    (""udang segar"", ""150 gram""),
    (""jeruk nipis"", ""1 buah""),
    (""margarin"", ""1 sdm""),
    (""bawang bombai"", ""1/2 buah""),
    (""bawang putih"", ""2 siung""),
    (""kecap inggris"", ""1 sdm""),
    (""kecap manis"", ""1 sdm"")
]";7;"1) Cuci dan kupas udang, buang kepalanya, lalu belah tengah badannya. Tetesi perasan jeruk nipis dan diamkan selama 15 menit.
2) Goreng udang dengan minyak panas hingga berubah warna dan merekah. Lalu tiriskan.
3) Panaskan mentega/ margarin. Tumis bawang putih dan bawang bombay hingga harum. Masukkan udang. Tambahkan kecap inggris dan kecap manis. Aduk. Test rasa (bila diperlukan, tambah penyedap). Aduk rata lagi, sebentar saja.
4) Sajikan. Selamat mencoba dan semoga bermanfaat :)";4;71
272;parmesan hot chicken wing keto;ayam;"[
    (""sayap ayam"", ""6 potong""),
    (""olive oil"", ""1 sdm""),
    (""cuka apel"", ""1 sdm""),
    (""himalayan salt"", ""1/2 sdt""),
    (""lada"", ""1/4 sdt""),
    (""cabai bubuk"", ""1/2 sdt""),
    (""paprika powder"", ""1/2 sdt""),
    (""dry oregano"", ""1/4 sdt""),
    (""bawang putih powder"", ""1/2 sdt""),
    (""keju parmesan"", ""2 sdm"")
]";10;"1) Campur dan aduk semua bahan di atas jadi satu, lalu masukan sayap ayamnya
2) Remas-remas ayam hingga menyatu dengan bumbu lalu biarkan hingga bumbu terserap sempurna, sumpan dalam kulkas minimal 3 jam (saya semalaman)
3) Panggang sayap ayam dalam oven dengan suhu 250Â° selama 25-30 menit, 10 menit pertama, balik, lalu panggang sisi satunya hingga kedua sisi matang sempurna
4) Enjoooy";4;67
274;simple spicy beef curry keto;sapi;"[
    (""daging sapi"", ""200 gram""),
    (""lemak sapi"", ""50 gram""),
    (""bumbu kari instant"", ""1 sdm""),
    (""himalayan salt"", ""1/2 sdt""),
    (""bawang goreng"", ""1 sdm""),
    (""cabe rawit"", ""2 buah""),
    (""cabai bubuk"", ""1/4 sdt"")
]";7;"1) Rebus daging sapi hingga empuk jangan buang air rebusannya, sisihkan
2) Di panci berbeda rebus lemak sapi kemudian buang air rebusannya berkali-kali hingga benar2 sudah tak ada aroma bau sapi nya, tiriskan, cuci dengan air bersih, tiriskan kembali
3) Di panci habis merebus daging tadi beserta kaldunya, tambahkan secukupnya air, masukkan lemak sapi kedalamnya, tambahkan air bila perlu hingga merendam seluruh daging dan lemak
4) Masukkan bumbu kari instant, cabe bubuk, irisan cabe rawit, dan santan, lalu masukkan garam, aduk rata, cicipi rasanya, bila kurang asin, tambahkan lagi garamnya
5) Masak diatas api kecil sampai mendididih, biarkan mendidih hingga 5 menit, matikan api, taburi dengan bawang goreng";5;67
276;orak arik telur bunga daun bawang;telur;"[
    (""batang daun bawang"", ""1 batang""),
    (""telur"", ""2 butir""),
    (""garam"", ""1/2 sdt""),
    (""merica bubuk"", ""1/4 sdt""),
    (""bawang merah"", ""2 siung""),
    (""bawang putih"", ""2 siung""),
    (""tomat"", ""1 buah""),
    (""cabe merah keriting"", ""2 buah""),
    (""cabe rawit oranye"", ""2 buah""),
    (""gula"", ""1/2 sdt""),
    (""kecap manis"", ""1 sdm"")
]";10;"1) Bubuhi kocokan telur dengan secukupnya garam dan merica. Tipis2 saja karena nanti di tumis akan di beri garam lagi. Yang penting tidak hambar. Lalu masak buat orak arik. Sisihkan.
2) Tumis bumbu iris hingga wangi. Masukan bunga daun bawang. Masak sebentar hingga agak layu.
3) Masukan telur orak arik. Beri gula, garam dan kecap manis. Aduk rata.
4) Sajikan. Pake nasi panas udah enak pisan ini.";4;67
282;tempe orek kacang panjang;tempe;"[
    (""papan tempe"", ""1 papan""),
    (""bawang putih"", ""2 siung""),
    (""bawang merah"", ""2 siung""),
    (""cabe keriting merah"", ""3 buah""),
    (""kemiri"", ""2 butir""),
    (""lada"", ""1/4 sdt""),
    (""kecap manis"", ""1 sdm""),
    (""kacang panjang"", ""5 batang"")
]";8;"1) Goreng tempe sampai kering
2) Potong-potong kacang panjanh, cuci bersih
3) Ulek duo bawang, kemiri, cabe sampai halus.
4) Tumis bumbu halus sampai wangi, masukan kacang panjang. Beri air jangan terlalu banyak. Biarkan sampai kacamh panjang layu dan matang.
5) Masukan tempe, kecap, lada Bubuk. Aduk terua sampai kecap terbagi rata. Koreksi rasa. Sajikan.";5;66